<?xml version="1.0" encoding="UTF-8" standalone="yes"?>
<addon id="repository.cm" name="[B][COLOR dodgerblue]CM[/COLOR][/B] Repo" version="1.0.3" provider-name="Captain Meliodas">
    <extension point="xbmc.addon.repository" name="[B][COLOR dodgerblue]CM[/COLOR][/B] Repo">
        <dir>
            <info compressed="false">https://raw.githubusercontent.com/MadMax96xaMdaM/repository.cm2/master/zips/addons.xml</info>
            <checksum>https://raw.githubusercontent.com/MadMax96xaMdaM/repository.cm2/master/zips/addons.xml.md5</checksum>
            <datadir zip="true">https://raw.githubusercontent.com/MadMax96xaMdaM/repository.cm2/master/zips/</datadir>
        </dir>
    </extension>
    <extension point="xbmc.addon.metadata">
        <summary>[B][COLOR dodgerblue]CM[/COLOR][/B] Repo</summary>
        <description>The official home of [B][COLOR dodgerblue]CM[/COLOR][/B] Wizard.</description>
        <disclaimer></disclaimer>
        <platform>all</platform>
        <assets>
            <icon>icon.png</icon>
            <fanart>fanart.jpg</fanart>
        </assets>
    </extension>
</addon>